unitid,headcountAll,headcountUndergrad
100636,,
100654,5557,4582
100663,20892,12962
100690,1103,522
100706,9009,6983
100724,6368,5541
100733,,
100751,35308,28718
100760,3239,3239
100812,4690,4690
100830,6606,5424
100858,27046,21429
100937,1354,1354
101028,2500,2500
101073,849,849
101116,1227,1127
101143,3731,3731
101161,6762,6762
101189,4342,3637
101240,9482,9482
101286,6873,6873
101295,7905,7905
101301,3206,3206
101365,612,612
101435,1339,1339
101453,114,82
101462,2163,2163
101471,919,919
101480,11374,9671
101499,1784,1784
101505,14398,14398
101514,17612,17612
101541,388,388
101569,6042,6042
101587,6926,2454
101602,2535,2535
101648,443,443
101675,1967,1967
101693,2034,1781
101709,3464,2785
101736,5501,5501
101879,8631,7260
101897,4419,4419
101912,2187,2130
101949,1972,1972
101958,158,158
101994,968,968
102030,6109,6109
102049,5237,3096
102058,655,610
102067,8146,8146
102076,3221,3221
102094,17302,13366
102234,1740,1488
102261,211,211
102270,1201,1201
102298,939,939
102313,2478,2478
102368,33393,25182
102377,3202,2721
102395,1041,233
102429,5827,5827
102553,27649,26030
102580,46,46
102614,16370,14850
102632,6401,5787
102669,923,620
102845,5128,5128
103361,2505,2505
103501,461,461
103529,,
103644,3231,3231
103723,1255,1255
103778,1410,2
103787,96,96
103893,1100,1100
103909,1287,1287
103927,857,857
103945,304,304
104090,2442,2442
104151,81789,65501
104160,12813,12813
104179,43038,33190
104188,319,319
104346,14408,14408
104364,1244,1244
104425,15290,15290
104531,2439,2439
104577,9963,9963
104586,1839,1779
104665,34,7
104708,32854,32854
104717,71712,43136
104805,3693,3693
105118,723,723
105136,,
105145,11674,11674
105154,40070,40070
105163,888,888
105172,1113,1113
105206,9240,9240
105297,2949,2949
105330,28659,22975
105349,7496,7496
105367,2294,954
105428,19525,19525
105516,8343,5539
105525,53250,53250
105534,2721,2721
105543,1662,1662
105589,1484,991
105659,1184,1184
105668,56031,56031
105747,17474,17474
105792,8027,8027
105899,643,643
106041,4000,4000
106102,4696,3507
106148,11811,11811
106245,16422,12182
106263,3189,1137
106306,1571,1571
106342,634,634
106397,26404,21201
106412,3557,3395
106449,7048,7048
106458,18137,11965
106467,12749,11562
106485,4888,4675
106625,3199,3199
106704,12939,10827
106713,996,996
106795,2178,2178
106810,240,240
106883,2125,2125
106980,5297,5297
106999,2031,2031
107044,8056,4705
107071,4478,3826
107080,1461,1450
107141,2787,2211
107318,3169,3169
107327,2819,2819
107460,3090,3090
107512,1686,1686
107521,1863,1863
107549,2248,2248
107558,649,649
107585,3072,3072
107600,817,817
107619,3210,3210
107637,2955,2955
107664,16486,16486
107725,1896,1896
107743,1469,1469
107840,,
107877,712,712
107974,2597,2597
107983,3997,3315
107992,3888,3888
108056,,
108092,8924,8924
108232,22281,15167
108250,1068,1068
108269,150,0
108667,11043,11043
108807,17470,17470
108852,238,238
108861,86,0
108870,349,0
109040,3059,3059
109086,104,80
109208,47974,47974
109350,17899,17899
109651,2519,2282
109785,11586,6394
109819,24675,24675
109907,5076,5076
110060,346,240
110097,6868,4628
110185,1022,974
110219,1784,1740
110246,16587,16587
110307,309,0
110316,1568,121
110334,19267,19267
110361,6575,5076
110370,2167,1633
110398,1327,0
110404,2324,1013
110413,4927,3026
110422,19459,18116
110468,4588,469
110486,9496,8014
110495,9724,8198
110501,,
110510,20152,17324
110529,22923,20842
110538,17115,15779
110547,15825,12658
110556,23526,20324
110565,39103,33056
110574,16114,13141
110583,37145,31053
110592,23797,19177
110608,39844,34140
110617,30534,26912
110635,39459,28774
110644,34072,27171
110653,29460,23765
110662,42057,29421
110671,22397,19795
110680,30670,24835
110699,3189,0
110705,23530,20236
110714,18651,16977
110778,642,0
110918,43,43
110945,2002,2002
111009,1016,1016
111081,1454,923
111188,901,901
111391,961,0
111434,10671,10671
111461,27534,27534
111638,998,998
111887,27724,27724
111896,10234,10234
111920,19023,19023
111939,23170,23170
111948,7874,5747
111966,562,125
112075,4261,1843
112084,808,794
112127,79,0
112172,16130,16130
112190,48279,48279
112251,2434,0
112260,1339,1319
112376,,
112385,17846,17846
112394,407,407
112446,1248,1024
112525,3436,0
112561,4151,4151
112570,354,354
112686,14579,14579
112817,,
112826,11887,11887
113096,21358,21358
113111,7418,7418
113193,15178,15178
113218,13109,13109
113236,19873,19873
113333,37760,37760
113537,54,34
113573,11801,11801
113582,304,304
113607,14193,14193
113634,30501,30501
113698,2580,1843
113704,106,0
113856,56395,56395
113980,33030,33030
114114,244,0
114123,772,772
114266,16726,16726
114354,5799,5799
114372,135,135
114390,1136,1136
114415,406,406
114433,3082,3082
114549,1715,0
114585,473,0
114716,27084,27084
114734,52,0
114789,27946,27946
114813,4665,3314
114831,,
114840,4198,0
114859,26236,26236
114938,10795,10795
115001,21486,21486
115083,4699,679
115126,18155,18155
115214,279,0
115287,,
115296,25714,25714
115393,14202,14202
115409,785,785
115454,2202,2202
115472,3230,3230
115490,2765,2765
115515,2165,2165
115533,2625,2625
115728,1616,990
115746,938,0
115755,8628,7976
115773,1629,1348
115861,9820,9820
116040,694,694
116226,502,498
116439,20799,20799
116466,2683,2683
116475,956,956
116484,1674,1674
116712,1795,421
116846,265,136
117052,19367,19367
117104,703,651
117113,2959,2959
117140,10648,5935
117168,502,462
117195,5902,5902
117247,19943,19943
117274,5285,5285
117520,419,0
117557,433,125
117575,321,123
117627,2936,2216
117636,5392,1580
117645,33504,33504
117672,1569,866
117681,,
117690,14553,14553
117706,27749,27749
117715,10732,10732
117724,22192,22192
117733,26612,26612
117751,1836,1245
117788,31390,31390
117803,298,298
117867,13658,13658
117894,13340,13340
117900,,
117928,2300,2289
117946,10258,6395
118198,794,794
118259,873,873
118277,1956,1956
118286,1497,1497
118347,10299,10299
118541,1031,1031
118684,5928,5928
118693,742,742
118718,13883,13883
118772,10222,10222
118888,1669,1007
118912,21722,21722
118930,16238,16238
118976,23056,23056
119058,917,17
119067,18484,18484
119137,21394,21394
119164,36309,36309
119173,3205,2524
119216,19410,19410
119270,2212,2212
119331,8949,8949
119359,1222,1222
119368,492,492
119508,1364,1364
119544,908,588
119605,28885,14156
119678,4376,0
119775,684,436
120023,,
120166,1038,242
120184,2368,1321
120254,2208,2191
120290,15841,15841
120342,29351,29351
120403,1307,1200
120421,10417,10417
120537,1853,1230
120661,1431,1431
120698,864,171
120740,130,0
120768,997,355
120795,202,0
120838,288,24
120865,1987,1980
120883,7215,4086
120953,4715,4715
120971,35407,35407
121044,32765,32765
121071,1564,1484
121150,8097,3622
121178,,
121257,1131,1131
121275,428,428
121309,4228,2494
121345,1600,1600
121363,5892,5892
121381,1131,1131
121619,47065,47065
121628,109,0
121691,5877,3894
121707,8614,8614
121886,29281,29281
121901,27237,27237
121983,1017,211
122117,359,101
122180,36069,36069
122205,35011,35011
122296,1826,842
122320,,
122339,24688,24688
122366,523,523
122375,35781,35781
122384,20702,20702
122409,32595,27233
122436,9341,5853
122454,786,511
122506,395,190
122597,32508,27890
122603,312,0
122612,11473,6870
122649,213,0
122658,26015,26015
122685,3612,3612
122694,1385,1385
122728,1200,1132
122737,,
122746,15072,15072
122755,32568,26281
122782,,
122791,15410,15410
122834,1345,1345
122843,5973,5805
122852,462,462
122889,27205,27205
122931,10008,5620
122977,42660,42660
123013,34206,34206
123095,740,0
123165,1084,1052
123208,2611,2611
123217,14714,14714
123280,80,59
123299,12481,12481
123341,24750,24750
123448,266,0
123457,1565,1162
123484,3951,3951
123509,16469,16469
123527,16565,16565
123554,4556,3180
123563,16207,16207
123572,9194,8146
123581,220,220
123633,880,248
123642,602,602
123651,2777,2454
123679,1600,1600
123800,28546,28546
123855,107,0
123916,147,0
123925,,
123943,406,0
123952,475,250
123961,41924,19094
123970,1421,0
124113,12409,12409
124283,410,0
124292,365,365
124487,390,390
124557,,
124681,15000,15000
124706,1510,1510
124937,1255,1255
125019,,
125028,20770,20770
125037,132,0
125091,16928,16928
125170,11131,11131
125222,,
125231,75895,13823
125462,4321,4321
125471,15549,15549
125480,,
125499,18446,18446
125532,2087,2087
125718,159,0
125727,1399,1389
125763,2604,1680
125897,2772,2303
126012,429,0
126030,524,0
126049,1375,0
126076,190,190
126100,,
126119,10412,10412
126182,4210,3058
126207,7957,7957
126289,23034,23034
126359,1110,1110
126401,782,782
126410,144,144
126562,29693,16271
126580,13485,10027
126605,1338,1338
126614,37228,29890
126669,4797,4317
126678,2476,2345
126687,819,819
126702,3506,3506
126711,10566,10566
126748,2205,2205
126775,6673,4118
126784,279,279
126818,34703,25590
126827,4171,2798
126863,12533,12533
126872,1014,1014
126924,190,190
126942,19381,19381
126951,1883,1883
126979,1180,0
127024,940,940
127060,13840,5879
127185,3962,3962
127200,33649,33649
127273,413,0
127389,1218,1218
127556,10901,10773
127565,29674,29380
127617,2593,2593
127653,1199,484
127680,643,643
127699,516,516
127714,1228,1228
127732,3070,3070
127741,15860,11895
127778,2234,2234
127787,804,804
127820,23811,23811
127839,726,726
127884,12872,12872
127909,15127,15127
127918,14641,7165
127945,672,654
128106,13070,7122
128179,693,693
128188,888,888
128258,2860,2860
128300,,
128328,4422,4422
128391,2745,2387
128425,32,24
128498,2532,1974
128577,2541,2541
128683,1788,1788
128744,5816,2834
128771,15153,11667
128780,2637,2637
128902,2108,2101
129020,28218,19140
129154,4473,4473
129215,6648,6262
129242,5810,4303
129367,6594,6594
129428,431,0
129491,203,0
129525,8176,6155
129534,561,69
129543,8808,8808
129613,563,563
129686,83,81
129695,10445,10445
129729,9891,9891
129756,4441,4441
129774,1036,1036
129808,6794,6794
129941,7473,5247
130004,9156,9156
130040,2319,2319
130110,217,217
130183,12175,10751
130217,3074,3074
130226,9224,6444
130253,7635,4711
130314,3228,1220
130396,10744,10744
130448,850,850
130493,12824,9440
130581,161,0
130590,2594,2459
130606,6856,6856
130624,1045,1045
130697,3507,3083
130776,8002,7142
130794,13022,6331
130882,,
130891,6217,6217
130907,4658,4658
130916,10037,10037
130934,4406,3848
130943,23304,19292
130989,1614,821
131098,2121,1938
131113,15388,9369
131159,13515,7712
131283,7416,3805
131308,953,656
131399,11084,10676
131405,129,0
131450,1707,1227
131469,28699,10952
131496,20533,9526
131520,11087,7498
131742,3262,3262
131803,3060,2184
131876,3103,2113
131973,842,0
132268,1450,1450
132338,3487,3487
132408,702,689
132471,10673,5516
132523,53,0
132602,3885,3826
132657,2546,1858
132693,24527,24527
132709,62796,62796
132806,466,466
132842,1343,457
132851,11806,11806
132879,428,428
132903,69086,58273
133021,2997,2997
133085,601,582
133386,22859,22859
133465,1623,1478
133492,2680,2680
133508,23727,23727
133526,858,858
133553,5743,5028
133650,14383,12103
133669,36800,30319
133702,51309,51309
133711,3150,3150
133809,516,516
133845,1075,1075
133854,1026,1026
133863,1121,1121
133872,3514,3408
133881,6131,3001
133951,60592,49029
133960,1963,1963
133979,2065,2001
133997,9809,9809
134079,2717,2500
134097,46805,36369
134112,5897,5897
134121,309,309
134130,56683,35908
134149,3338,2704
134237,30129,26727
134343,10291,10291
134422,127,127
134495,40106,40106
134510,105,105
134608,25574,25574
134680,1354,1354
134811,5468,5340
134875,1502,1502
134909,1266,1266
134945,4813,4159
135063,893,893
135081,32275,30869
135124,1178,1178
135160,4577,4577
135188,6638,6638
135364,1727,742
135391,16630,16630
135610,487,340
135717,100855,100855
135726,19404,12980
135939,421,421
135957,1111,1111
136011,920,920
136066,2475,2475
136075,654,654
136145,1867,1867
136172,19183,16816
136206,748,694
136215,37797,7643
136233,11254,11254
136288,1609,1547
136330,4138,3184
136358,43413,43413
136400,15519,15519
136473,17691,17691
136516,16397,16397
136701,113,0
136774,1386,1386
136950,3592,2839
137032,26687,22007
137078,44577,44577
137096,21809,21809
137148,1838,236
137209,27663,27663
137272,76,54
137281,9535,9535
137315,4011,4011
137351,49408,37028
137476,5249,3455
137537,337,337
137546,4166,2385
137564,3219,2845
137759,21646,21646
137777,75,60
137801,1615,1557
137810,851,822
137847,7691,6692
137892,908,908
137953,298,288
137962,229,229
138187,60469,60469
138275,1243,1094
138293,837,747
138309,8613,8613
138354,15141,12160
138558,3935,3935
138600,943,943
138655,415,415
138664,24,24
138682,6676,6676
138691,8559,8559
138716,5405,4769
138761,361,361
138789,9057,8127
138813,5521,5521
138840,7094,7094
138868,1501,1501
138901,4367,4367
138929,789,0
138947,4174,3380
138956,6257,6257
138983,8227,7205
139010,5316,5316
139074,1089,1089
139144,2196,1990
139153,1009,785
139199,3475,2143
139205,1019,1019
139214,286,286
139250,4412,4412
139278,10246,10246
139287,240,240
139311,8990,8594
139348,356,0
139357,5555,5555
139366,10238,8566
139384,8778,8778
139393,1144,1078
139463,6685,6685
139533,5887,5887
139579,2352,1498
139621,4533,4533
139630,884,884
139658,15290,8077
139700,7603,7603
139719,4430,4099
139755,23461,15514
139764,3784,3380
139773,11474,11474
139861,7619,6256
139904,11044,11044
139931,23663,20164
139940,38254,28420
139959,38837,29024
139968,5761,5761
139986,7609,7609
139995,230,230
140003,684,684
140012,9474,9474
140085,5583,5583
140146,473,0
140164,29114,26626
140234,1164,935
140243,5102,5102
140252,3045,1167
140304,8672,8672
140322,7598,7598
140331,16875,16875
140340,774,774
140401,2652,494
140447,9678,4960
140483,4379,4379
140553,2574,2574
140562,344,0
140599,2970,2970
140669,7184,6455
140678,3478,3478
140696,1191,1131
140720,1046,1046
140818,3340,1517
140872,1391,1257
140942,7354,7354
140951,12497,9892
140960,5114,4923
140988,2084,1995
140997,2924,2924
141006,3215,3215
141060,2223,2223
141097,6986,5940
141158,2406,2406
141167,1389,1073
141185,834,834
141237,1020,1020
141255,6758,6758
141264,15229,12197
141307,1458,1458
141325,839,740
141334,13651,11469
141361,939,939
141468,3017,3017
141486,3806,2785
141565,4851,4179
141574,23898,16886
141644,9819,8070
141680,6270,6270
141796,12669,12669
141802,1746,1746
141811,10939,10939
141839,5948,5948
141936,52,0
141963,,
141981,2104,2104
141990,3798,3798
142054,813,813
142090,249,249
142115,29684,22775
142179,1364,1364
142276,17847,15094
142285,14472,11469
142294,1058,1030
142328,5911,5911
142337,721,721
142443,8791,8791
142461,2607,1533
142522,30025,30025
142559,13730,13730
142832,1116,0
142887,496,496
143048,3626,2807
143075,451,451
143084,2737,2737
143118,7592,3183
143215,23937,23937
143233,60,0
143279,12232,12232
143288,591,591
143297,309,292
143358,5978,5149
143613,4370,4370
143659,487,0
143853,2457,0
143978,3994,0
144005,8194,6198
144014,254,0
144050,17308,5518
144157,11009,11009
144166,12271,12271
144175,7967,7967
144184,20616,20616
144193,14170,14170
144209,17602,17602
144218,19137,19137
144281,12741,12168
144351,6759,1552
144467,1926,1926
144485,1555,1555
144500,,
144564,9877,9877
144740,30369,19088
144759,41071,40785
144777,,
144865,46477,46477
144883,1005,1005
144892,12735,10579
144944,18665,18665
144962,3791,3508
144971,826,826
145239,489,489
145275,448,0
145336,7652,4171
145372,1954,1453
145460,1038,867
145497,507,501
145521,3628,3628
145558,2037,0
145600,31400,18698
145619,9517,4750
145628,646,0
145637,47684,33400
145646,2105,2105
145682,18720,18720
145691,980,962
145707,2561,2561
145725,8673,2999
145770,1921,532
145813,23713,19965
145831,7360,7360
145886,98,0
146010,1199,1199
146205,18111,18111
146241,1804,0
146278,3792,3792
146296,31902,31902
146339,1410,1213
146348,10096,10096
146366,9592,9592
146384,13163,0
146393,3044,3044
146418,7696,7696
146427,1457,1457
146472,30902,30902
146481,1611,1582
146490,902,0
146506,24330,24330
146533,393,393
146603,11941,11941
146612,7993,5242
146621,75,75
146667,1195,716
146676,1395,1395
146685,14177,14177
146700,1845,1845
146719,18273,11095
146728,289,0
146755,284,284
146816,249,249
146825,598,598
146977,245,0
147004,11113,11113
147013,3979,2755
147031,136,0
147129,661,661
147165,867,867
147244,2624,2497
147341,1361,1361
147369,4517,3753
147378,33209,33209
147396,94,94
147411,8395,8395
147536,8439,1870
147590,1064,153
147660,3368,2985
147679,3719,2440
147697,201,0
147703,26160,18830
147749,1081,1081
147767,24343,11076
147776,14443,11325
147800,25928,25928
147828,5589,3442
147916,24014,24014
148007,9154,9154
148016,566,566
148131,2666,1425
148140,441,441
148177,4072,4072
148256,14469,14469
148292,7994,7994
148335,5128,4313
148380,15540,15540
148399,1226,1226
148405,2166,1153
148487,7926,4486
148496,4267,2142
148511,2305,106
148575,728,468
148584,4603,2052
148593,112,112
148627,5493,3432
148654,6234,3631
148672,4298,4298
148724,53,0
148821,7080,7080
148849,138,138
148876,2254,2254
148885,239,0
148937,5534,5534
148982,336,0
148991,4224,4224
149019,,
149028,312,240
149222,22536,17448
149231,16427,12773
149240,,
149310,785,785
149329,95,79
149365,15211,15211
149505,1594,1594
149514,3438,1286
149532,24366,24366
149587,,
149639,1282,194
149727,19058,19058
149763,515,392
149772,14583,11892
149781,3357,2559
149842,27135,27135
150048,630,630
150066,3003,2232
150136,24880,18936
150145,2450,2136
150163,4818,3952
150172,1403,1163
150215,235,0
150251,325,325
150288,403,0
150400,2381,2381
150455,1270,1123
150534,3095,2907
150604,1149,1149
150668,1101,1046
150677,1868,1414
150756,1076,1076
150774,485,485
150941,1380,1263
150987,175313,175313
151102,17014,15966
151111,37519,27556
151166,9791,9791
151263,6579,4993
151290,7149,6465
151306,14040,12934
151324,15018,12204
151333,4133,3952
151342,10188,9350
151351,46154,34639
151360,7646,6824
151379,8680,7532
151388,4868,4659
151458,672,672
151467,484,484
151485,,
151494,1136,1136
151500,972,972
151519,14411,14122
151616,1134,1134
151625,724,724
151661,2092,2092
151777,1359,1333
151786,3252,2778
151801,23871,16657
151810,1361,1263
151865,136,0
151944,1459,1459
151962,175,175
152080,12702,8604
152099,3343,2936
152220,707,707
152248,12612,11082
152266,7025,6929
152318,2039,1929
152336,2656,2219
152363,1203,1169
152381,1418,1210
152390,1548,1548
152415,783,783
152424,121,121
152451,309,0
152530,2946,2772
152567,1942,1935
152600,4454,3102
152637,23901,23901
152673,917,917
152798,710,530
152822,1090,1090
152992,1286,1169
153001,3839,3659
153108,1713,1713
153126,1380,1098
153144,1530,1508
153162,1209,1209
153214,38624,38624
153241,143,143
153250,1480,1412
153269,7181,3862
153278,2159,1758
153296,1269,1269
153302,260,260
153311,14504,14504
153320,392,318
153366,3150,1889
153375,2244,2210
153384,1744,1744
153409,445,412
153418,966,921
153427,531,531
153445,9529,9529
153472,7440,7440
153524,8813,8813
153533,4472,4472
153603,32981,26523
153621,880,880
153630,9725,9725
153658,33351,23157
153737,21621,21621
153825,1663,1575
153834,2528,2528
153861,1439,435
153922,2971,2971
153977,1097,1097
154004,2853,1402
154013,2160,1787
154022,169843,153446
154059,4655,4655
154095,16134,12935
154101,1290,1290
154110,7236,7236
154129,2449,2449
154156,1916,0
154174,2661,78
154235,3902,2944
154262,236,236
154350,2137,2062
154378,4640,4640
154396,2286,2286
154493,10268,9227
154518,1185,1185
154527,1898,1898
154536,149,0
154572,8747,8747
154590,2685,2360
154642,5019,5019
154688,4549,2652
154697,15188,15188
154712,2420,2329
154721,656,656
154749,580,580
154767,1010,1010
154776,910,910
154794,258,258
154800,14500,14500
154837,234,27
154855,766,766
154907,4612,4612
154925,2750,2750
154934,1923,1923
154952,6070,6070
154998,2880,2880
155007,841,841
155025,7437,4309
155052,1070,1070
155061,15450,12980
155070,263,251
155089,3787,2725
155098,3226,3226
155104,2878,2878
155140,991,991
155177,505,505
155186,5406,5406
155195,9488,9488
155201,1998,1998
155210,31764,31764
155283,1431,1431
155292,11047,11047
155317,31617,21710
155335,4165,3013
155399,27119,21513
155414,984,928
155450,2996,2996
155487,1182,1182
155496,461,461
155511,677,677
155520,2447,1710
155566,4075,4075
155593,1180,1180
155618,610,610
155627,625,610
155636,1085,406
155681,8922,7007
155715,2417,2417
155812,1606,969
155830,1206,1206
155858,2670,2670
155900,3445,2645
155937,721,721
155973,843,829
156082,8671,7632
156107,4082,4082
156125,19348,15517
156189,640,640
156213,1875,1592
156222,1823,0
156231,6393,6393
156286,4011,2895
156295,1734,1734
156338,7800,7800
156356,857,830
156365,4519,3782
156392,19205,19205
156408,1328,1328
156417,209,209
156471,1700,1700
156541,4922,1853
156620,19043,16064
156648,11174,11174
156727,1636,0
156745,2101,1375
156790,5813,5813
156851,2944,2944
156860,6070,6070
156903,367,367
156921,21190,21190
157021,3051,3051
157030,81,81
157058,3530,3214
157076,803,803
157085,29802,21861
157100,616,568
157207,88,0
157216,3047,2370
157270,835,835
157289,24172,17692
157298,250,0
157304,6417,6417
157331,6708,6708
157359,2916,2790
157377,2180,2021
157386,12954,10758
157401,12676,9972
157438,7308,7308
157447,18242,14912
157465,567,567
157483,10291,10291
157535,1953,1618
157553,7701,7701
157599,3630,3630
157632,1205,1197
157696,1352,1352
157711,12978,12978
157739,7178,7178
157748,4317,959
157757,2726,1576
157766,1609,1609
157793,7788,6449
157809,2108,1927
157818,1054,1054
157854,,
157863,1773,917
157951,25383,21080
158088,3735,3735
158343,73,73
158352,5659,5659
158431,10526,10526
158440,224,224
158477,950,818
158662,28347,28347
158723,467,467
158769,2105,2105
158802,1447,1447
158884,3522,3522
159009,5928,5018
159197,696,696
159373,3092,1073
159382,3282,3282
159391,32189,25654
159407,3928,3928
159416,5831,5252
159443,5503,5503
159568,1925,1282
159638,,
159647,13696,10768
159656,5780,3540
159717,10181,8859
159939,13454,10144
159948,3662,1711
159966,8069,7109
159993,10771,8665
160010,4780,4780
160029,145,0
160038,11469,9903
160065,1409,1065
160074,2292,2122
160409,91,91
160481,4691,4691
160524,779,779
160533,,
160579,4055,4055
160612,18795,16849
160621,8151,6635
160630,3884,3375
160649,3743,3743
160658,18892,17081
160667,4569,4569
160755,14681,9270
160904,3875,2883
160913,7350,7350
160940,1363,1363
160959,467,422
160968,90,0
160977,1900,1900
160995,787,787
161004,1911,1911
161022,268,268
161077,4225,4225
161086,1994,1994
161138,3318,3318
161165,3569,2807
161192,3737,3737
161208,70,70
161217,6656,6656
161226,2629,2340
161235,1769,1769
161244,1367,1367
161253,12910,10069
161280,,
161299,963,946
161341,2068,2068
161457,8085,4753
161484,1447,1447
161509,411,369
161518,3945,2246
161545,10697,10697
161554,12050,9255
161563,1318,1061
161572,605,605
161581,664,664
161688,4769,4769
161767,26080,26080
161776,629,629
161864,9830,9830
161873,7553,3882
162007,6430,5063
162061,1079,447
162104,3439,3439
162122,12722,12722
162168,3923,3923
162210,1692,1504
162283,4700,4001
162557,9012,9012
162584,6237,5273
162609,1069,1069
162654,2941,1519
162681,1376,1359
162690,7024,7024
162706,9732,9732
162760,2754,1567
162779,14149,14149
162928,25372,6895
163028,1605,1605
163046,6646,3983
163204,64737,44009
163259,7033,898
163268,15144,11929
163286,43352,31229
163295,2705,2400
163338,5064,4295
163426,37390,37390
163453,9027,7476
163462,2617,1963
163532,620,396
163578,3887,1506
163657,20785,20785
163736,1246,1246
163842,258,4
163851,9582,8679
163912,2091,2060
163921,1916,1831
163976,603,502
164058,727,727
164076,25348,20222
164085,663,0
164146,,
164155,4605,4605
164173,5143,4498
164207,613,323
164216,1621,1562
164243,123,0
164270,4508,1940
164313,5397,5397
164368,1775,456
164438,1359,1100
164447,4275,1712
164465,1904,1904
164474,315,0
164492,1725,1120
164562,3140,2485
164580,3918,2096
164614,124,124
164632,2780,1767
164641,1516,1516
164720,2038,2038
164739,6040,4337
164748,5161,5161
164775,3318,3318
164872,1187,661
164915,180,0
164924,16483,10311
164933,726,516
164988,41276,23609
165015,6384,3786
165024,13510,10751
165033,11949,11949
165112,18746,18746
165167,4471,1464
165194,6284,6284
165264,873,873
165334,3884,2447
165495,12,0
165529,3617,3233
165574,1715,1715
165644,1712,1488
165662,4875,3965
165671,2940,2546
165699,8345,2897
165705,103,0
165802,3194,3194
165820,11644,4846
165866,10869,5234
165884,724,724
165936,2293,1710
165945,2442,0
165981,3244,3244
166018,1582,1582
166027,34322,14495
166045,257,9
166054,227,101
166124,2907,2907
166133,9425,9425
166276,514,514
166391,1892,1575
166407,330,330
166452,8364,2477
166489,245,54
166513,19173,14396
166601,262,262
166629,32000,24820
166638,20741,15596
166647,8067,8067
166656,5808,3461
166665,,
166674,3112,2903
166683,11501,4446
166692,1570,1472
166708,1218,0
166717,591,0
166823,11784,11784
166850,2931,2673
166869,1830,592
166887,13364,13364
166911,402,402
166939,2590,2538
166948,1504,1483
166957,6613,6613
166984,800,624
167057,797,424
167093,490,0
167181,196,0
167215,1147,0
167251,1124,1124
167260,1930,1511
167288,2476,1941
167312,11187,11187
167321,1521,1521
167358,36286,21904
167376,9632,9632
167394,1855,1318
167455,391,346
167464,64,0
167525,7372,7372
167534,12135,12135
167598,2494,1431
167631,3912,3912
167677,236,39
167729,13387,9431
167738,1270,1270
167783,5131,1797
167792,379,379
167835,3324,2736
167899,3618,2430
167905,9286,9286
167987,10545,8449
167996,2481,2481
168005,10368,6393
168148,11653,5657
168218,2633,2633
168227,4186,4053
168254,4137,2833
168263,7413,6267
168281,1649,1649
168290,1647,1011
168342,2258,2202
168421,6223,3922
168430,9939,6629
168528,1739,1738
168546,1558,1558
168591,1437,1437
168607,2626,2626
168740,4635,2316
168786,2375,2052
168838,4167,4148
168847,9216,9172
168883,3034,3034
169080,4298,4095
169099,341,0
169220,151,0
169248,33045,23696
169275,17045,17045
169327,937,816
169363,910,553
169424,155,0
169442,1459,1402
169479,16013,12885
169521,16694,16694
169628,1033,0
169716,6283,3598
169798,28575,21961
169910,17197,15753
169974,1901,1901
169983,2567,2013
169992,1455,1455
170000,455,455
170037,3521,2680
170055,25162,25162
170082,28906,23556
170091,252,252
170240,26428,26428
170301,3512,3512
170417,1062,1062
170444,9515,9515
170532,1421,1421
170541,16850,16850
170550,9675,9675
170587,2493,2493
170620,6550,6550
170639,3143,3050
170657,27811,27811
170675,4884,3328
170790,35209,35209
170806,6010,3870
170842,3345,1169
170967,1281,1261
170976,44514,28243
171100,53371,40015
171128,7505,6023
171137,10540,8524
171146,9884,8198
171155,7104,7104
171225,6090,6090
171234,2796,2796
171298,6306,6276
171304,7331,7331
171395,4295,4295
171456,11302,10081
171483,6290,6290
171492,4121,3765
171535,46007,46007
171571,23802,19267
171599,1305,1239
171881,426,421
172033,539,313
172051,12913,10884
172200,21006,21006
172264,3318,2884
172291,6356,6356
172307,4073,4073
172334,6340,3769
172440,671,671
172477,4646,0
172608,4549,1474
172617,20860,20860
172635,28677,28677
172644,36986,24300
172671,2154,2154
172699,28533,21897
172705,287,0
172866,256,256
172918,4095,4095
172954,3366,3366
172963,12256,12256
172972,59,59
173045,4613,3451
173063,4932,4932
173115,2361,2361
173124,6645,5972
173142,641,641
173160,5372,3963
173179,744,0
173203,6253,6253
173258,2047,2047
173300,2860,2811
173328,3741,2131
173416,5665,5665
173452,1272,1184
173461,8983,8983
173489,453,453
173559,9063,9063
173629,2028,1903
173638,5264,5264
173647,2530,2530
173665,7740,2268
173683,155,5
173708,9609,9609
173735,2040,2040
173799,9852,9852
173805,1612,1612
173887,2449,2449
173896,873,0
173902,2236,2236
173911,6152,6152
173920,18218,15553
173957,275,0
173966,431,173
173984,2726,1901
173993,2345,2345
174020,11379,10041
174066,63929,43535
174075,3152,3152
174118,433,433
174127,713,626
174136,14072,14072
174154,534,534
174206,188,188
174233,12663,11361
174251,2085,2085
174279,2268,2124
174358,8722,7887
174376,10671,10671
174385,841,841
174394,1021,1021
174428,14595,14595
174437,1445,1445
174473,5328,5328
174482,103,103
174491,3664,3474
174507,1133,289
174525,142,142
174570,1849,1849
174604,452,452
174738,8207,8207
174747,2138,2138
174756,6195,6195
174783,20895,18373
174792,2084,1929
174817,7821,2366
174844,3233,3233
174862,1343,1108
174899,4890,3277
174914,11859,6515
174932,219,219
175005,6046,4438
175014,9347,9347
175041,9855,9855
175078,7909,7345
175139,180,0
175157,976,976
175227,1493,1493
175236,5762,5762
175263,3152,3152
175272,9978,9287
175281,1018,0
175315,14968,14968
175342,4825,3911
175421,4602,3260
175430,659,636
175519,3410,3410
175528,872,872
175573,4939,4939
175616,5562,3373
175643,3745,3745
175652,8215,8215
175786,16844,16844
175810,9795,9795
175829,9492,9492
175856,10736,8089
175883,6020,6020
175935,5384,5384
175980,1084,964
175999,,
176008,4642,4642
176017,20990,17579
176026,2455,789
176035,3483,3222
176044,2947,2536
176053,6065,3561
176071,15097,15097
176080,22956,17820
176169,4413,4413
176178,11433,11433
176239,7797,7797
176318,1043,1043
176336,71,71
176354,2815,2815
176372,19418,15661
176406,1055,1055
176451,134,0
176479,5885,3505
176549,468,468
176600,206,0
176619,511,0
176628,2345,1524
176637,1487,1487
176664,593,488
176770,998,903
176789,425,342
176910,367,367
176938,725,725
176947,1221,1221
176965,14658,11617
177038,722,172
177065,31541,30080
177083,110,110
177092,549,0
177117,325,325
177126,780,0
177135,7208,7208
177144,867,867
177162,1869,1869
177214,7131,6467
177250,5821,5821
177278,207,0
177302,2419,2419
177339,2339,2009
177418,2830,1722
177427,315,0
177472,20355,20355
177542,1528,1502
177551,2025,2025
177579,710,710
177676,7996,7996
177719,1321,1007
177746,822,822
177816,112,35
177834,4395,0
177940,4210,3950
177968,15903,9109
177977,1343,1343
177986,1148,64
177995,33031,33031
178022,,
178059,4666,3514
178110,330,330
178129,,
178183,386,386
178208,1407,394
178217,5164,5164
178226,1056,1056
178244,6076,4218
178305,1629,1629
178341,6681,6565
178350,145,145
178369,1952,1936
178387,7263,7027
178396,37074,27821
178402,20879,14377
178411,8315,5987
178420,21049,16381
178439,,
178448,8082,8082
178518,360,0
178615,6452,6067
178624,8408,6930
178679,713,713
178697,1587,1587
178721,22213,20942
178767,279,279
178785,,
178891,2681,2681
178989,582,400
179043,3234,2308
179070,591,591
179159,20547,14598
179201,1719,1719
179256,357,357
179265,1294,720
179308,42712,42712
179317,275,0
179326,4495,3285
179344,2705,2705
179450,234,234
179511,408,408
179539,7015,7015
179548,1121,832
179557,13657,11811
179566,23667,19480
179645,5968,5968
179715,2267,2267
179812,1075,0
179867,15254,8017
179894,25484,4326
179919,1144,1144
179946,1158,1158
179955,1179,1179
179964,3049,1294
180054,649,649
180081,976,976
180106,1511,1511
180151,954,954
180160,539,539
180179,6605,5736
180197,4039,4039
180203,213,213
180212,702,702
180249,2773,2773
180258,1269,1183
180276,2096,2096
180328,545,545
180373,749,749
180416,2456,2238
180461,16209,13653
180489,18335,15487
180522,1715,1618
180595,1126,1021
180647,1458,1458
180692,1995,1995
180814,13911,9208
180832,1298,912
180878,800,665
180902,13092,13092
180948,3889,2879
180984,2442,1641
181002,9025,4694
181020,1105,1105
181093,556,443
181127,1507,1227
181145,20,20
181215,8575,6074
181242,711,689
181297,1061,850
181303,32769,32769
181312,6979,6979
181330,1164,1108
181376,156,156
181394,17736,14158
181400,1087,1045
181419,266,266
181428,3941,1156
181446,3660,3288
181464,27233,20624
181491,7323,7323
181534,3229,2786
181543,47,47
181604,1241,948
181640,17195,17195
181738,973,896
181747,,
181756,873,873
181765,413,413
181783,4279,3243
181817,8422,8422
181853,526,526
181941,959,959
182005,56364,56364
182111,1765,1765
182148,1661,1661
182281,33809,25706
182290,20947,16864
182306,5119,5077
182430,475,422
182458,1249,615
182500,16617,16617
182519,,
182564,5938,5938
182634,1344,1344
182661,707,661
182670,6680,4679
182795,2706,1977
182829,500,0
182865,4347,4347
182908,302,302
182917,58,58
182980,2424,1064
183026,19126,11913
183044,16611,13280
183062,5819,5562
183071,1878,1330
183080,7339,4829
183099,5919,5919
183105,1541,1541
183114,1765,1765
183123,2321,2321
183132,4707,4707
183141,3416,3416
183150,2969,2969
183211,2836,1753
183239,1971,1971
183248,146,146
183257,3005,2540
183275,82,82
183327,,
183345,,
183600,40,40
183655,10656,10656
183743,24283,24283
183789,4344,4344
183804,7137,3121
183822,2427,2408
183859,21699,21699
183877,17770,17770
183910,2711,1904
183938,21832,21832
183974,3372,2342
184180,12491,12491
184205,5476,5476
184269,2748,2748
184348,3070,2030
184481,16544,16544
184603,11019,7677
184612,2689,2252
184694,3386,2549
184773,3000,1981
184782,13571,11645
184791,10782,10782
184959,1670,1670
184995,12986,12986
185129,10530,7898
185262,18775,15226
185509,13519,13519
185536,19037,19037
185572,7419,5104
185590,21965,16816
185758,213,0
185828,11286,7683
185873,16447,16447
186034,13475,13475
186122,539,0
186131,8079,5240
186186,279,279
186201,6879,6613
186283,6523,5246
186371,7501,5581
186380,44809,35032
186399,14219,9168
186432,3749,2843
186469,1800,1800
186584,10996,5630
186618,2047,1255
186645,12461,12461
186867,6384,2546
186876,9342,8241
186900,101,101
187046,20606,19405
187134,8365,7093
187198,17304,17304
187222,8128,1620
187444,13801,11876
187532,42440,42440
187596,1472,1472
187620,13011,13011
187639,6103,6103
187648,7285,5638
187666,6148,6148
187745,484,484
187897,4979,2938
187903,5951,5951
187912,528,528
187958,3828,3828
187967,2365,1637
187976,1438,1438
187985,33483,24283
187994,5597,5597
188003,2993,2993
188021,2290,2290
188030,20822,16418
188049,3575,3575
188058,2906,2863
188100,12435,12435
188137,7405,7405
188146,580,577
188182,832,362
188207,175,0
188216,725,725
188225,2244,2244
188261,1749,1749
188304,4448,3523
188340,2144,2122
188429,9876,5677
188438,5218,5218
188465,983,983
188517,1347,1347
188526,1654,1086
188535,707,0
188580,852,0
188641,2614,2010
188678,258,258
188687,531,531
188854,1515,1515
189015,1322,0
189088,3267,2925
189097,2544,2544
189228,7357,7357
189264,46,46
189273,57,51
189282,284,284
189413,1713,1574
189422,1334,1334
189459,3078,3078
189501,1412,0
189547,8700,8700
189556,918,918
189565,926,926
189574,1388,1388
189583,1648,1648
189592,867,867
189653,123,123
189705,6033,3574
189811,633,633
189839,7543,7543
189848,1416,1416
189857,733,552
189981,88,0
190035,,
190044,3653,3071
190053,2798,2798
190071,175,175
190080,118,0
190099,3060,3037
190114,1784,1166
190150,28139,7967
190169,2723,2723
190248,961,931
190372,1039,974
190415,21626,14458
190424,1083,0
190442,6654,6654
190451,381,381
190503,4602,4602
190512,22401,17533
190521,31602,31602
190530,15589,15589
190549,21208,16347
190558,17379,16099
190567,19258,15251
190576,7888,1771
190585,8908,8908
190594,28585,20453
190600,18002,15607
190619,26132,26132
190628,23928,23928
190637,16286,13164
190646,9092,9092
190655,20001,20001
190664,25507,20232
190673,21758,21758
190682,501,0
190691,10558,10520
190716,3713,2498
190725,3547,2532
190734,17,9
190761,2267,1786
190770,5407,3241
190840,13280,13280
190956,123,123
190974,915,915
190983,1793,1506
191083,27112,27112
191126,13264,13016
191199,10047,10047
191205,1720,1610
191241,17522,9258
191302,3470,3470
191320,176,0
191339,9029,9029
191515,2010,2010
191533,1607,1607
191597,687,687
191612,5401,5401
191621,1227,1199
191630,2283,2275
191649,12862,7955
191676,1439,1418
191719,19075,19075
191764,173,173
191931,5386,3945
191959,146,146
191968,7263,6585
191986,6841,6841
192004,426,426
192022,5734,5734
192040,476,172
192110,1007,681
192156,778,778
192165,111,111
192192,1964,1719
192244,,
192271,2077,1991
192323,4451,3518
192439,9787,5779
192448,13023,9440
192457,,
192475,,
192509,1801,1801
192554,444,0
192563,537,31
192624,168,168
192688,1583,1583
192703,3820,3358
192712,967,407
192749,3338,1825
192785,1104,1104
192819,7173,6045
192864,2212,2212
192925,3213,2083
192961,123,123
193016,15786,10129
193052,231,141
193061,49,43
193070,93,64
193201,1354,1354
193247,289,218
193283,10238,10238
193292,7226,5871
193308,10193,9559
193317,,
193326,31719,31719
193353,3086,2581
193380,156,156
193399,2359,1810
193405,1161,0
193478,33018,33018
193584,3507,2228
193645,5886,4708
193654,12366,8313
193751,913,0
193821,1913,0
193830,1528,0
193894,475,0
193900,52126,26900
193946,8714,8714
193973,4729,3459
194028,2913,2913
194073,387,0
194091,9522,5662
194116,883,734
194161,4015,2470
194189,138,138
194204,87,87
194222,19490,19490
194240,9746,9746
194310,15160,9613
194392,1137,1137
194499,1455,1455
194541,4839,2002
194569,402,402
194578,6058,4208
194611,2011,2011
194657,259,146
194666,314,264
194675,48,30
194693,59,59
194718,43,42
194736,132,132
194763,506,271
194824,6698,5390
194958,2108,1565
194967,1434,1434
195003,19362,16044
195030,10955,6178
195049,207,0
195058,12350,12350
195128,3476,1898
195155,148,0
195164,2712,2072
195173,3014,2955
195191,306,306
195216,2620,2471
195234,5779,3122
195243,2310,2056
195289,146,146
195304,1845,1463
195322,8917,8917
195429,,
195438,217,197
195474,3525,3466
195492,52,52
195526,2942,2895
195544,6236,5362
195571,150,0
195580,53,0
195687,228,228
195720,4370,3037
195784,869,869
195809,23363,17198
195827,,
195845,1096,1096
195988,2316,2316
196006,4130,4130
196015,5507,5507
196024,3839,3839
196033,2897,2897
196042,10372,10372
196051,3883,3883
196060,19618,14574
196079,16145,12862
196088,32091,21578
196097,28801,18804
196103,2930,2319
196112,2981,2146
196121,9712,8027
196130,15348,11425
196149,8350,6895
196158,6256,5798
196167,6255,5970
196176,9227,7553
196185,6814,6598
196194,9685,8421
196200,4908,4289
196219,5180,5057
196228,317,0
196237,5467,5198
196246,7199,6484
196255,1870,441
196264,20094,18981
196291,2078,1868
196307,1704,327
196389,715,715
196413,32675,25242
196431,375,375
196440,28,21
196468,6422,0
196477,7257,7257
196565,8875,8875
196583,227,227
196592,19120,9080
196653,1917,1917
196680,46954,44572
196699,5025,5025
196866,2287,2287
196884,249,0
197018,1676,1448
197027,1061,1031
197036,4649,4649
197045,4633,3217
197081,691,691
197133,2651,2651
197142,527,527
197151,4649,3959
197197,2342,1918
197221,81,81
197230,516,516
197285,1654,1654
197294,22018,22018
197522,734,734
197601,93,93
197610,118,96
197647,165,99
197674,243,223
197692,98,81
197708,7108,2795
197735,653,495
197744,255,222
197814,3995,3995
197832,1992,1992
197850,3824,3824
197869,19089,16774
197887,11124,11124
197911,1345,1316
197966,2488,2488
197984,1897,1897
197993,793,793
198011,2181,2181
198039,3246,3246
198066,688,688
198084,2265,2265
198109,592,592
198118,6218,6218
198136,7560,5773
198154,14397,14397
198206,2556,2556
198215,1455,1401
198233,7550,7550
198242,429,429
198251,6879,6879
198260,31260,31260
198303,1415,1372
198321,4867,4867
198330,7695,7695
198367,5273,5273
198376,5856,5856
198385,1915,1915
198419,17123,7284
198455,8106,8106
198464,30775,23674
198491,4790,4790
198507,3451,3310
198516,6239,5404
198534,18831,18831
198543,7256,6168
198552,14875,14875
198561,6370,3572
198570,8830,8830
198598,1323,1262
198613,3218,3218
198622,19780,19780
198640,2253,2253
198668,3617,3617
198677,84,84
198695,4423,4147
198710,3781,3781
198729,2014,2014
198747,683,492
198756,1866,1866
198774,5382,5382
198808,925,925
198817,5618,5618
198835,1924,1616
198862,1238,1238
198871,791,791
198899,1439,1425
198905,1000,1000
198914,1851,1851
198923,1984,1984
198950,2183,1854
198969,2882,2665
198978,3714,3714
198987,4968,4968
199023,1176,1176
199032,1008,856
199069,5109,5109
199087,5169,5169
199102,12462,10382
199111,4672,4603
199120,31929,19644
199139,29514,23197
199148,21527,17025
199157,9706,7476
199175,,
199184,901,780
199193,40720,29134
199209,1724,1724
199218,15141,13699
199263,701,701
199272,895,895
199281,7559,6644
199306,2402,1104
199315,503,330
199324,3043,3043
199333,13004,13004
199412,2937,2277
199421,3756,3756
199449,3327,3327
199458,186,186
199467,1133,1133
199476,3635,3635
199485,3226,3226
199494,9695,9695
199582,1628,1628
199607,1284,1035
199625,2006,2006
199634,5697,5697
199643,2690,2527
199698,480,480
199722,2870,2870
199731,3326,3326
199740,4728,4728
199768,4691,4691
199786,7271,7271
199795,1977,1977
199838,5517,5517
199847,7665,4940
199856,27669,27669
199865,1063,962
199892,5160,5160
199908,3991,3991
199926,3553,3553
199953,3073,3073
199962,2692,1741
199971,80,67
199999,7334,6792
200004,11213,8921
200013,1916,1916
200022,5548,5548
200059,2778,2778
200086,334,334
200156,1023,1016
200192,3322,3322
200208,359,359
200217,4383,2739
200226,1310,1289
200244,151,151
200253,4527,4107
200280,17852,13895
200305,3748,3748
200314,1057,1057
200332,16935,12959
200341,1293,1293
200466,430,430
200484,274,274
200527,960,960
200554,873,873
200572,1743,1522
200590,363,363
200624,37,37
200633,491,491
200697,862,0
200785,1052,1052
200800,32451,26545
200846,3010,3010
200873,52,52
201016,547,547
201061,244,234
201104,8136,3672
201140,258,123
201177,458,458
201195,5069,3886
201283,2924,2924
201371,1431,1217
201399,653,653
201432,3042,3042
201441,20228,16601
201469,1570,1570
201548,4353,3226
201645,10335,4167
201654,3595,3435
201672,6923,6923
201690,2840,2786
201751,554,554
201821,427,427
201858,1146,794
201867,162,162
201885,39019,26026
201928,19500,19500
201946,5261,5220
201955,6835,6794
201964,3243,3190
201973,9194,9194
202046,549,549
202073,471,252
202134,20983,13983
202161,904,904
202170,1551,1529
202189,546,546
202222,50240,50240
202356,37652,37652
202435,569,569
202480,13572,8246
202514,1210,1097
202523,2320,2320
202541,5902,5902
202611,805,534
202648,4867,4864
202684,1919,1919
202763,5945,4413
202806,10146,8794
202903,363,363
202912,393,393
203067,483,0
203085,1563,1224
203128,1485,1446
203155,9090,9090
203289,118,118
203313,750,750
203331,3677,3677
203368,4236,3124
203386,2005,2005
203447,3687,3677
203456,2374,2373
203465,7015,6890
203474,5424,5416
203483,3323,3286
203492,3034,3022
203517,33819,25787
203526,4768,4752
203535,1758,1758
203544,1122,1003
203580,1314,1054
203599,13236,13236
203678,5405,5405
203720,665,665
203739,664,664
203748,17311,17311
203757,3109,2709
203775,3465,2314
203845,1799,1635
203881,4344,4344
203960,1342,1342
203997,274,0
204006,4797,4792
204015,2890,2890
204024,19952,15892
204060,720,720
204176,1137,968
204185,2327,2240
204194,2744,2100
204200,2631,2014
204255,4372,4372
204264,3489,2154
204307,1045,1045
204316,1526,1526
204422,4555,4555
204440,7428,7428
204468,2313,1902
204477,778,0
204486,5666,5602
204501,3106,3087
204547,,
204592,227,227
204608,1479,1479
204617,3588,2674
204626,834,834
204635,3698,2591
204662,761,761
204671,1563,1482
204680,1644,1556
204699,1808,1700
204705,3159,3034
204796,64930,48411
204802,1722,1722
204820,3397,3397
204839,3334,3334
204848,4012,4012
204857,32231,26412
204866,3938,3938
204884,310,310
204909,1861,1861
204936,3366,2804
204945,24676,24676
204990,180,0
205027,204,132
205054,518,518
205124,78,57
205179,5010,5010
205203,3034,2907
205391,114,114
205443,5490,5393
205470,35141,35141
205513,224,224
205522,385,385
205531,369,369
205559,178,178
205568,426,426
205610,2790,2790
205647,1768,1768
205692,380,380
205708,1019,1019
205717,740,740
205726,887,887
205841,19315,19315
205887,1426,1426
205957,3491,2380
205966,4640,4640
206002,135,135
206011,4548,4548
206048,9771,8294
206084,25810,19898
206093,566,566
206154,57,57
206215,168,0
206224,476,476
206279,2398,1666
206288,566,0
206330,2380,2077
206349,1866,1107
206394,297,297
206437,3564,2647
206446,3320,3320
206491,620,608
206507,1682,1631
206516,97,0
206525,2075,1994
206589,2086,2086
206604,22047,16618
206613,2171,1980
206622,8433,5039
206631,1091,1091
206695,17328,15675
206817,1303,1303
206835,1629,1439
206862,2914,2096
206914,8262,7535
206923,3522,3522
206941,20464,18115
206996,3564,3564
207041,6102,4646
207050,2632,2632
207069,3628,3628
207157,254,241
207209,3626,2865
207236,3602,3602
207254,1402,1402
207263,11114,9600
207281,7404,7404
207290,3461,3461
207306,2740,2438
207315,434,0
207324,2506,2000
207342,4224,1119
207351,1718,1718
207388,27756,21298
207397,11513,11513
207403,2077,1977
207449,22578,22578
207458,4203,2616
207500,31287,22939
207564,5646,5646
207582,3719,2973
207625,276,276
207661,6008,6008
207670,11897,11897
207689,911,849
207722,1191,1191
207740,3289,3289
207847,5235,4642
207856,773,739
207865,6255,5154
207935,29398,29398
207962,1790,1790
207971,4571,3322
208035,8089,8089
208239,2327,2327
208275,4660,4660
208318,11334,11334
208390,22293,22293
208406,16193,16193
208415,2559,2559
208479,1579,1579
208488,3464,1408
208512,386,386
208646,6320,5380
208725,187,187
208822,4163,2345
208965,1404,1404
209038,19440,19440
209056,4948,2285
209065,1776,1776
209074,12360,12360
209108,2485,1195
209241,190,85
209250,16366,16366
209287,1093,661
209296,631,0
209409,762,539
209445,,
209490,3251,910
209506,5218,5183
209533,161,151
209542,29868,24145
209551,28104,23266
209603,630,555
209612,3801,1678
209746,55558,55558
209807,41435,30128
209825,4538,3639
209922,1521,1492
209940,10897,10897
210076,2490,2490
210146,8339,7068
210155,2279,2279
210234,4892,4892
210270,4543,4543
210304,608,608
210331,1439,1107
210359,780,780
210368,919,0
210401,3242,2269
210429,7975,6159
210438,741,122
210483,608,608
210492,258,245
210571,2710,2616
210605,31029,31029
210669,2189,2189
210739,4100,2925
210775,4152,3294
210809,919,0
210890,185,185
210906,756,756
210942,4325,4325
210951,167,167
210960,2930,2930
211024,1142,759
211079,4232,4232
211088,4642,2393
211130,393,0
211149,274,274
211158,11522,10265
211200,532,532
211273,1879,1396
211291,3760,3651
211307,16500,16500
211316,120,120
211343,5780,5780
211352,4225,1531
211361,11572,8413
211370,95,0
211398,243,243
211431,3453,2254
211440,12287,6197
211468,2043,1759
211477,2158,2158
211556,2676,1141
211583,2621,1725
211608,1433,1365
211617,1246,1246
211644,8151,6635
211750,429,429
211820,198,198
211893,165,123
211909,165,165
211927,19414,19414
211981,2634,2218
212009,2550,2550
212018,269,0
212045,410,410
212054,29768,17481
212072,224,224
212090,1066,1066
212106,11368,6132
212115,8447,7280
212133,5151,3169
212160,9417,7234
212197,1928,1873
212425,487,487
212434,449,449
212443,144,0
212577,2578,2578
212601,4635,3156
212656,2412,2018
212674,2744,2744
212771,3641,151
212805,2487,2487
212832,3181,2641
212869,1832,1832
212878,31794,31794
212911,1264,1264
212975,508,508
212984,3590,2246
212993,135,135
213002,1084,1084
213011,5418,3607
213020,17237,14398
213057,641,641
213233,449,449
213251,1691,1691
213303,2101,2062
213321,3013,2449
213349,11227,10163
213358,1651,1518
213367,8016,4991
213376,2172,2172
213385,2549,2549
213400,1404,1139
213446,146,0
213473,793,793
213507,2343,1872
213525,11058,11058
213534,1755,1755
213543,7489,4920
213570,1092,1092
213589,759,759
213598,2393,1845
213613,6062,5553
213631,157,0
213640,283,0
213659,9673,9673
213668,1414,1414
213686,117,117
213774,1163,1163
213783,3730,3206
213826,3858,2445
213914,417,417
213987,3458,2874
213996,3135,2888
214023,185,185
214041,10434,8575
214069,3523,2737
214111,21419,21419
214148,566,492
214157,2277,1913
214166,2666,2595
214175,2645,2645
214254,1199,1199
214272,3528,2857
214290,1291,1291
214315,123,123
214379,16222,16222
214528,869,869
214564,1169,0
214582,1529,1529
214591,4573,4437
214607,1021,0
214616,823,0
214625,1003,997
214634,795,795
214643,812,751
214652,1505,1504
214661,,
214670,1128,1068
214689,4319,4313
214698,1122,1119
214704,3202,3098
214713,5125,3644
214731,1853,1853
214740,934,934
214759,1101,1101
214768,1268,1268
214777,49223,41614
214786,785,785
214795,1329,1328
214801,4220,4142
214810,1134,1132
214829,1778,1472
214838,362,362
214883,2853,2853
214892,494,494
214944,963,963
214971,356,244
215053,287,287
215062,27998,13190
215099,4069,3179
215105,2405,2109
215114,1386,1011
215123,2630,0
215132,2955,1473
215239,29095,29095
215266,1881,1881
215275,2022,2022
215284,3128,3128
215293,32764,20243
215309,495,495
215381,626,626
215390,324,324
215415,2995,2995
215424,311,0
215433,1095,1095
215442,4730,3907
215585,7383,7383
215619,48,0
215628,103,0
215637,537,537
215646,1056,1056
215655,5788,4426
215682,585,585
215691,1093,617
215743,2830,1945
215770,10775,5867
215798,2066,1801
215813,74,0
215929,7511,4365
215947,3102,2535
215992,478,478
216010,9157,7632
216038,10130,8989
216047,237,112
216083,944,944
216278,2418,2418
216287,1562,1562
216296,915,915
216311,119,119
216339,41230,30778
216348,27,0
216357,1125,1125
216366,4239,1243
216418,2022,2022
216427,188,188
216436,482,482
216445,322,322
216454,343,343
216463,201,0
216524,1785,1785
216542,1342,1277
216551,311,311
216597,12092,7804
216667,1503,1503
216694,2836,1833
216764,17910,14654
216782,1399,1399
216807,1720,1626
216816,659,0
216825,10880,10880
216852,5402,3487
216931,8187,2443
216986,125,125
217013,913,808
217040,76,76
217059,6116,5800
217077,2863,2863
217086,330,330
217156,9396,6930
217165,3716,3428
217235,12392,10718
217305,4129,4086
217402,5416,4588
217420,10631,8795
217475,24616,24616
217484,19257,15389
217493,2473,2030
217518,5382,4911
217536,2849,2071
217606,367,367
217615,4241,4241
217624,765,765
217633,3023,2662
217688,4706,3897
217712,3687,3687
217721,3583,3583
217749,4218,3499
217776,2640,1778
217819,14655,11446
217837,1684,1684
217864,4047,2784
217873,2202,2117
217882,22675,17155
217891,183,183
217907,1252,1248
217925,1493,633
217934,1495,1263
217961,3934,745
217989,2642,2642
217998,926,626
218025,8387,8387
218043,180,180
218061,5077,4329
218070,3166,2902
218089,212,173
218113,20098,20098
218140,10305,10305
218229,3649,3380
218238,3801,3801
218265,145,0
218335,3153,256
218353,17486,17486
218399,1103,1103
218414,1162,1162
218441,2648,2375
218487,3999,3999
218520,8699,8699
218539,1415,1258
218645,3770,3617
218654,2240,2240
218663,34602,24691
218672,2239,2239
218681,1502,1502
218690,1253,1253
218706,700,700
218724,10501,9329
218733,5040,4308
218742,6642,6341
218751,206,0
218821,867,867
218830,8595,8595
218858,6261,6261
218885,8998,8998
218894,24132,24132
218919,727,727
218955,981,981
218964,6972,5443
218973,1617,1617
218991,7950,7950
219000,1962,1905
219046,6396,5263
219055,496,496
219082,5022,4412
219091,819,735
219143,1703,1703
219189,1234,1234
219198,1578,1437
219204,4277,3674
219213,1358,1358
219240,192,0
219259,4070,3358
219277,2694,2461
219295,881,881
219347,2704,2312
219356,14966,13020
219374,1328,1179
219383,1851,1390
219408,390,390
219426,3175,3175
219471,13263,9643
219480,1336,1336
219505,126,110
219578,780,780
219602,12694,11564
219639,1224,1224
219709,6673,5212
219718,6872,5642
219790,2317,2156
219806,2182,1805
219824,13606,13606
219833,2232,1591
219842,267,0
219879,4986,4986
219888,7393,7393
219903,1195,1195
219949,1749,1422
219976,5013,3182
220002,702,702
220057,4765,4765
220075,17562,14194
220118,501,501
220136,172,0
220181,563,504
220206,331,331
220215,2224,1587
220312,251,251
220400,6752,6752
220464,191,191
220473,978,763
220516,2668,2265
220552,1625,1363
220598,2166,2166
220604,1305,1305
220613,5537,5042
220631,5319,2135
220701,1208,1208
220710,1111,1111
220792,783,0
220808,461,398
220862,26464,20650
220871,394,0
220941,1905,1842
220978,30929,26958
220996,212,0
221014,1370,1100
221096,6689,6689
221148,3131,3131
221184,14329,14329
221254,192,192
221351,1956,1944
221397,8861,8861
221485,19592,19592
221519,1780,1590
221643,15625,15625
221661,3672,3018
221670,494,0
221731,1231,1231
221740,12853,10941
221759,33096,22963
221768,9263,8581
221795,266,266
221838,10783,8231
221847,13185,10940
221856,1185,851
221892,3152,1662
221908,8468,8468
221953,2435,2191
221971,5134,3575
221999,13234,6988
222053,11894,11894
222062,8744,8744
222099,403,403
222105,190,190
222178,4938,3919
222497,,
222567,8250,8250
222576,14368,14368
222628,2280,493
222822,7918,7918
222831,8042,6733
222877,264,236
222938,3803,3803
222983,1382,1357
222992,70452,70452
223001,189,0
223083,580,580
223117,148,71
223214,2169,207
223223,1550,0
223232,16225,13324
223320,5629,5629
223427,27821,27821
223463,2047,2047
223472,427,427
223506,6392,6392
223524,24557,24557
223667,25,25
223773,11935,11935
223816,49099,49099
223898,6210,6210
223922,1951,1951
224004,3296,1709
224110,14921,14921
224147,11942,9089
224183,722,722
224226,6976,4399
224244,378,370
224253,,
224271,201,201
224305,2381,0
224323,3126,1432
224350,16453,16453
224402,5941,5941
224439,2500,2500
224527,1345,1315
224545,2505,1776
224554,12661,7196
224572,24797,24797
224615,20288,20288
224642,41258,41258
224660,837,837
224679,1264,1264
224712,138,0
224776,2642,2634
224891,1402,1402
224961,3437,3437
225070,7255,7255
225201,1242,1242
225247,2597,2040
225308,11349,11349
225371,6556,6556
225399,2828,2307
225414,10243,5405
225423,93625,93625
225432,16312,16072
225502,5354,3154
225511,45771,36586
225520,6271,6271
225548,1296,1257
225575,1088,1015
225627,9948,7470
225751,,
225779,394,394
225788,475,475
225849,1349,1349
225858,1019,1019
225876,568,568
225885,559,559
225991,266,266
226019,8342,8342
226091,19938,12459
226107,3535,3535
226116,3929,3929
226134,13351,13351
226152,8313,7130
226204,9640,9640
226231,4166,3554
226277,1555,1555
226329,,
226383,2611,1964
226408,5968,5968
226471,3450,2998
226578,14738,14738
226587,1805,1805
226806,11269,11269
226833,7198,6327
226879,345,345
226930,15828,15828
227146,15087,15087
227182,98313,98313
227191,20317,20317
227216,43761,34051
227225,4477,4477
227243,851,760
227289,165,0
227304,7090,7090
227331,2870,1583
227368,22923,19069
227377,17815,16408
227386,3497,3497
227401,8364,8364
227429,222,222
227526,9699,7687
227687,2533,2533
227757,6780,4050
227766,34219,34219
227836,1287,1287
227845,5920,4836
227854,15651,15651
227863,4461,1747
227881,20125,16423
227924,38811,38811
227979,41508,41508
228042,1345,1252
228149,4543,2636
228158,14334,14334
228194,1354,0
228246,12519,6915
228291,34,34
228316,7404,7404
228325,2331,1870
228343,1419,1419
228431,14851,12937
228459,38047,31799
228468,898,860
228486,234,234
228501,3718,2626
228529,14562,11719
228547,75547,75547
228608,8251,8251
228635,2785,51
228644,3813,1256
228653,3270,892
228671,,
228680,6105,6105
228699,6068,6068
228705,12420,9509
228714,2292,2179
228723,53966,42053
228732,,
228769,46679,35165
228778,55469,41565
228787,21589,13207
228796,26950,22224
228802,8066,5991
228866,354,0
228875,10136,8661
228884,1276,1276
228909,2084,0
228981,1460,1460
229018,4914,3778
229027,34872,29312
229036,823,823
229063,11062,7842
229090,,
229115,35958,28429
229160,3554,1938
229179,17754,9607
229267,2662,2431
229300,5468,829
229319,7591,7591
229328,1522,1522
229337,5019,1569
229355,15651,15651
229407,,
229504,7415,7415
229540,6065,6065
229780,10664,7950
229799,8076,8076
229814,9246,7284
229832,4475,4475
229841,10604,10604
229887,1810,1777
230038,39996,35907
230047,3771,3771
230056,761,743
230092,,
230171,11662,11662
230366,666,666
230384,1112,1112
230418,2574,2574
230472,629,629
230597,5409,5409
230603,16031,14607
230621,997,997
230630,932,932
230728,37770,32109
230737,41667,41515
230746,48876,48876
230764,40410,30765
230782,32686,31833
230807,4041,2916
230816,873,704
230825,238,219
230834,3101,2247
230852,3770,3195
230861,11009,11009
230889,944,312
230898,862,692
230913,2362,1944
230931,1777,1561
230940,292,292
230959,4637,3739
230977,685,685
230995,4631,2573
231059,3309,2121
231068,679,0
231077,481,271
231086,577,577
231095,137,137
231147,905,0
231156,,
231165,1893,1893
231174,15560,13372
231411,1340,1340
231420,963,934
231536,6807,6807
231554,979,979
231581,1700,1700
231624,9327,6607
231651,6619,2646
231697,7707,7707
231712,5171,4918
231785,1345,1345
231828,1653,1653
231837,1207,1010
231873,2189,2189
231882,6493,6493
231970,1045,0
232016,2949,2949
232025,1020,971
232043,2134,1243
232052,1381,1381
232089,1572,1572
232186,49345,32634
232195,10685,10685
232256,1097,1097
232265,6283,5186
232308,1183,776
232414,20109,20109
232423,22333,19620
232450,14895,14895
232502,646,646
232557,95639,57635
232566,5450,4571
232575,9719,9719
232609,3206,2388
232672,2226,1844
232681,5969,5036
232706,4233,2717
232788,4429,4429
232797,4366,4323
232867,8042,8042
232885,406,406
232937,8318,7351
232946,76552,76552
232982,29280,21958
233019,4741,4741
233037,2549,2549
233082,149,149
233091,796,796
233116,7887,7887
233277,10193,8835
233295,1300,1300
233301,609,592
233310,5092,5092
233329,686,686
233338,2142,2142
233356,313,313
233374,5499,3908
233408,428,428
233426,2169,2169
233499,465,465
233541,5292,2718
233611,859,859
233639,9166,9166
233648,4727,4727
233684,20472,14578
233718,912,884
233754,16404,16404
233772,47758,47758
233842,252,0
233897,2869,2869
233903,3810,3810
233912,604,604
233921,33164,24730
233949,12601,12601
234030,36714,26661
234076,29491,18580
234085,1736,1736
234137,897,826
234155,6757,5937
234164,1984,1544
234173,1514,1514
234207,2208,1803
234216,1361,1361
234377,5091,5091
234492,2690,2690
234526,,
234669,22452,22452
234696,4681,4681
234711,2830,2830
234739,601,601
234827,13779,12943
234845,5730,5730
234915,3020,1224
234933,19465,19465
234951,7990,7990
234979,9254,9254
235024,852,852
235097,15573,13328
235103,15377,15377
235149,11667,11667
235167,5773,5402
235237,13512,13512
235316,8807,5135
235334,3551,3551
235343,12617,12617
235422,1447,1011
235431,10619,10619
235495,202,202
235510,1033,1033
235529,613,613
235547,1068,253
235671,8337,8337
235699,6113,6113
235750,5536,5536
235769,174,173
236072,10561,10561
236133,1762,1473
236188,11658,11658
236230,3864,3425
236258,4470,4470
236328,3085,2736
236382,6854,6854
236452,1960,1543
236504,9163,9163
236513,11828,11828
236577,4657,3417
236595,8817,5065
236610,9562,9562
236638,8053,8053
236656,7690,7690
236692,11186,11186
236708,14200,14200
236753,14454,14454
236887,8088,8088
236896,2168,1815
236939,30816,25588
236948,49340,34266
236975,5119,5119
236993,624,624
237011,16677,15252
237039,6607,6607
237057,1676,1676
237066,2980,2435
237109,6538,6538
237118,714,626
237136,306,289
237154,6576,5759
237181,910,888
237215,2531,2531
237312,1507,1102
237330,3519,3180
237358,885,885
237367,5387,4936
237385,2285,2285
237437,1650,1650
237525,17130,11423
237598,322,322
237640,633,581
237686,5507,5507
237701,2096,2096
237783,1356,867
237792,5229,5014
237817,3002,3002
237880,814,0
237899,3543,3446
237932,3050,2963
237950,1504,1504
237969,1494,1391
237978,99,99
237987,370,370
237996,307,307
238014,4367,4367
238032,33896,24459
238078,1811,1366
238193,2919,2286
238263,23107,23031
238324,356,313
238333,1489,1489
238397,3808,3808
238430,9444,3704
238458,4165,3498
238476,3273,3144
238573,186,186
238616,8238,4595
238661,4037,2279
238722,17658,17658
238759,14162,14162
238892,1278,1278
238935,338,338
238980,4827,3698
239008,4553,4553
239017,1542,1542
239071,1221,1067
239080,4039,2225
239105,12723,8715
239169,1307,0
239220,5047,5047
239248,27452,27452
239309,729,729
239318,2656,2439
239372,11215,11215
239390,2010,1287
239424,142,0
239442,2007,2007
239460,8176,8176
239488,14558,14558
239503,590,483
239512,577,577
239628,1018,1018
239637,136,0
239716,2309,2232
239743,1175,530
239910,4142,4142
239929,2123,2123
240055,18941,18941
240107,11130,2491
240116,8421,8421
240125,13955,13955
240170,7165,7165
240189,13315,11322
240198,6323,6323
240213,83,0
240268,12452,11536
240277,8030,7561
240329,11678,9986
240338,1490,1142
240365,15731,13663
240374,5696,5508
240392,5413,5117
240417,11295,9407
240426,3407,3157
240435,,
240444,46020,32962
240453,34615,28496
240462,9400,8274
240471,7688,6960
240480,10866,10047
240505,5859,5859
240514,3263,3263
240596,2504,2504
240620,8118,8118
240657,2724,2724
240666,6837,6837
240693,6838,6838
240718,2325,2325
240727,14707,11480
243744,19967,8264
243780,44267,33955
243823,1097,205
244011,1329,1329
244154,652,652
244190,1385,245
244233,1244,1244
244279,268,268
244437,39791,39791
244446,6148,6148
245032,639,639
245342,2423,2423
245421,155,155
245430,374,374
245625,3038,3038
245652,521,398
245731,46,36
245777,30,11
245838,1283,267
245847,496,208
245865,1058,0
245883,1132,383
245892,820,204
245953,3132,2498
245962,918,918
246008,524,524
246035,847,847
246202,732,732
246266,1413,1413
246345,240,0
246354,14038,14038
246789,144,0
246813,6922,6922
246974,915,915
247065,1579,1579
247083,,
247162,202,23
247603,5089,5089
247649,658,658
247700,1373,1373
247737,,
247773,82,70
247825,80,45
247834,41222,41222
247940,9500,9500
248776,2011,2011
248846,322,322
248882,776,776
248934,15808,15773
249247,614,614
249609,491,491
250027,376,376
250407,1601,1601
250601,910,910
251075,671,671
251251,845,845
251260,7451,7451
251312,2467,1805
260293,15870,15621
260354,181,181
260372,670,670
260381,,
260691,2358,2358
260789,671,671
260813,262,262
260901,77566,63508
260910,781,721
260947,54,54
260956,199,0
260974,639,639
260992,1397,1397
261472,1800,1800
261861,210,210
261931,386,386
262022,233,0
262031,11515,11515
262086,11688,5878
262129,868,868
262165,118,118
262332,2207,2207
262457,1432,1432
262509,1075,1075
363387,2332,2332
363439,786,786
363563,,
363590,970,970
363633,2790,2790
363712,33,33
363721,384,0
363934,1343,1252
364016,15246,15246
364025,19611,19611
364168,710,710
364885,,
364955,1418,1418
364973,1400,1400
365055,2387,2387
365204,3453,3453
365426,342,0
366003,111,88
366252,7313,7313
366261,330,330
366270,962,962
366340,1249,1249
366368,109,0
366395,34629,34629
366401,11733,11733
366447,2110,2110
366465,3261,3261
366535,1126,1126
366544,839,839
366553,2641,2641
366580,885,885
366605,86,0
366650,1098,1098
366678,1095,1095
366696,1369,1369
366702,765,0
366711,10669,9797
366748,733,270
366757,703,0
366793,118,0
366960,1102,1102
367024,1297,1208
367097,226,226
367103,66,66
367112,1256,1256
367194,809,797
367316,349,349
367361,58,58
367413,420,420
367459,12273,12273
367839,176,117
367884,3480,3114
367909,969,969
367936,3551,680
367954,1861,0
368443,1162,1162
368452,445,445
368601,2017,2017
368629,1275,1275
368780,610,610
368805,741,741
368911,2458,2458
369002,744,0
369084,1164,1164
369455,140,140
369516,641,641
369659,318,0
369817,87,0
369862,565,565
369905,1684,1684
371052,628,628
371760,2806,2806
371779,2715,2715
371982,1118,1118
372037,1729,1729
372073,593,593
372213,442033,359464
372222,9106,8045
372329,1819,1819
372523,,
372578,923,923
372772,527,527
372921,1310,1310
372958,1021,1021
373058,612,612
373085,710,710
373447,46,46
373827,566,566
374024,494,0
374875,1362,1362
374972,973,973
375230,125,125
375416,1018,1018
375489,1226,1226
375841,1028,1028
375939,564,564
376039,87,87
376136,755,755
377069,1496,1496
377111,1004,1004
377342,178,178
377449,527,527
377458,557,557
377546,108,108
377555,4592,4005
377564,4539,3856
377652,220,220
377661,103,103
378406,1234,1234
378576,805,212
379029,1342,1342
379782,396,233
380094,753,753
380359,730,730
380368,2888,2888
380377,1234,1234
380438,812,812
380465,3100,1835
381352,188,0
381459,250,0
381617,1960,1950
381732,354,354
381741,274,274
381787,610,610
381796,191,191
381909,1786,1786
381945,249,249
382504,655,655
382771,1098,1098
382896,533,533
382911,217,217
382957,860,860
383020,122,22
383190,4832,4832
383950,624,624
383996,1710,1710
384193,610,610
384209,1155,1155
384254,173,173
384306,221,0
384333,12508,12508
384342,10463,10463
384360,,
384379,,
384388,,
384397,,
384412,618,618
384421,82,82
385008,1156,1156
385503,679,679
385619,1921,1797
386472,737,737
387925,510,510
388043,1548,1548
388520,629,629
389727,809,809
390701,46430,46099
391582,1063,1063
392257,689,689
392840,468,468
393180,984,984
395362,2594,2594
397270,54,46
398130,835,835
398574,2676,2676
399212,20138,20138
399869,969,969
399911,444,441
401223,347,158
401250,271,0
402615,1245,1079
402776,321,321
402828,585,0
403469,7496,7496
403478,1816,1816
403487,19684,19684
404055,877,877
404073,4470,4420
404082,7710,7671
404338,322,227
404365,647,647
404374,440,440
404383,1024,1024
404426,6829,6829
404480,,
404499,2037,2037
404505,1024,1024
404514,1290,1290
404648,2836,2832
404912,1883,1883
404921,774,774
404994,8659,8659
405058,161,161
405854,118,118
405872,5473,5473
405979,2991,2330
405988,2622,1823
405997,4928,4271
406006,2951,2482
406015,14715,12330
406024,1103,1103
406033,1633,1633
406194,684,684
406200,3016,3016
406219,851,851
406264,1274,1274
406547,893,893
407063,1263,1263
407285,593,593
407319,1185,1185
407328,353,353
407629,3091,0
408039,2291,2291
408312,104,104
408394,1149,1149
408844,5472,5463
409069,1058,1058
409254,340,0
409315,39772,39772
409333,74,74
409379,,
409616,561,0
409670,993,993
409698,5616,5170
409829,892,892
409838,803,803
409874,2141,2141
410070,1191,1191
410283,1817,1817
410496,977,977
410502,2917,2917
410520,747,747
410539,437,437
412003,103,103
412173,1062,1062
412599,1783,1783
413413,56009,13933
413617,1130,1130
413626,300,300
413644,103,0
413839,836,836
413848,636,636
413857,1375,1375
413866,811,811
413884,1229,1229
414160,3714,3687
414531,707,707
414568,1293,1293
414586,863,863
414595,883,256
414708,10342,9077
414823,2428,2428
414841,624,624
414878,770,663
414911,3984,3984
414966,182,0
416801,434,434
416962,3729,2894
417318,347,347
417327,582,582
417734,223,223
417752,72,72
418126,1005,704
418870,439,439
418889,413,413
419022,,
419341,185,185
419457,1474,185
419509,5553,4637
419536,2555,0
420006,995,946
420024,370,370
420042,1985,1726
420103,453,453
420246,433,0
420307,12546,12326
420316,1337,1337
420325,86,78
420352,,
420398,21433,21433
420404,940,940
420431,2790,2790
420440,2443,2443
420495,1820,1820
420501,1424,1424
420538,2135,2135
420556,2047,2047
420705,354,0
420723,939,939
420802,,
420866,894,286
420972,3113,0
421009,1060,887
421018,2533,2135
421513,553,553
421708,1387,1387
421832,1017,1017
421878,249,249
422020,155,155
422695,362,362
423476,,
423643,2939,0
423652,764,764
423980,3740,3740
424424,,
426314,22703,15296
427663,789,789
427973,670,670
427982,457,457
428000,277,277
428170,2690,2690
428259,741,610
428268,801,143
428286,1970,1970
428329,171,171
428392,2745,2745
428426,,
428444,1647,1647
429085,153,0
429094,237,0
429128,861,861
429599,1199,1199
430050,510,510
430087,1861,1482
430148,1692,1692
430157,423,423
430166,327,327
430184,7177,5343
430263,1021,1021
430351,589,589
430360,471,471
430379,1059,1059
430388,755,755
430485,120,120
430591,356,0
430704,114,10
430795,315,315
430810,479,472
431141,5938,5938
431886,1148,1148
431983,97,97
432144,,
432199,2345,2345
432214,644,644
432223,1182,1031
432232,2001,1715
432241,1549,1405
432302,501,501
432348,335,0
432357,298,0
432384,879,879
432524,263,263
432533,2961,2961
433004,319,300
433013,961,961
433174,588,588
433387,45879,34271
433420,719,716
433536,592,592
433563,614,614
433660,14709,12858
434016,245,245
434034,1430,1430
434052,1230,1230
434061,6119,6119
434140,1545,1545
434159,549,549
434414,1715,1715
434432,63,63
434441,156,0
434539,598,598
434548,985,985
434557,696,696
434566,667,667
434575,576,576
434584,620,620
434672,35522,35522
434690,519,519
434715,1918,0
434751,136,136
434821,1923,1923
434937,51,51
434946,2918,2307
434955,1824,1541
434964,1375,1133
434973,1037,892
434982,926,851
434991,878,805
435000,1021,78
436094,1158,332
436182,450,450
436191,1199,1199
436225,682,682
436261,185,0
436304,3981,3981
436377,53,0
436429,3435,3435
436438,1153,368
436483,904,904
436599,103,103
436614,100,73
436702,887,887
436818,3207,3207
436827,953,953
436836,1742,1742
437042,1106,1106
437051,1176,1176
437060,586,586
437097,2801,1933
437103,12364,12364
437219,959,959
437316,446,446
437325,839,740
437343,826,0
437361,304,0
437583,152,152
437635,424,424
437662,7186,7186
437732,1543,1543
437750,571,571
437769,747,747
437848,1516,1516
437927,550,550
437936,1022,1022
438151,5954,5781
438179,1226,1226
438212,5443,5443
438258,577,577
438285,869,869
438294,354,354
438382,1005,803
438416,1141,1098
438498,3594,2562
438586,2647,2468
438601,1004,845
438610,1163,1081
438629,209,195
438638,965,965
438647,1271,1271
438665,,
438708,1024,1024
438869,627,627
438902,1220,1127
439020,237,48
439057,677,174
439118,864,864
439127,481,481
439136,747,747
439145,5415,5415
439154,,
439163,5060,5060
439190,4104,4104
439279,1242,1179
439288,1951,1951
439297,767,662
439303,92,92
439312,61,61
439330,186,186
439367,292,292
439394,138,0
439437,704,704
439446,182,73
439455,736,736
439482,431,431
439507,493,493
439525,795,795
439570,1107,1107
439613,310,310
439701,601,311
439738,953,953
439783,178,78
439792,648,648
439817,161,0
439826,864,864
439899,93,93
439914,57,0
439969,258,95
440031,165,0
440110,723,723
440129,611,611
440138,,
440147,950,950
440165,855,855
440174,85,85
440271,753,753
440299,1476,1476
440305,,
440323,580,580
440332,482,482
440341,2933,2933
440378,257,257
440396,169,149
440402,5896,5896
440411,269,25
440420,429,355
440439,1952,1651
440448,3429,3014
440457,667,621
440466,746,668
440484,1770,1770
440536,1622,1622
440545,1008,1008
440572,1642,0
440581,1783,0
440590,1823,1823
440624,3849,3849
440642,1016,1016
440749,622,622
440758,488,488
440767,1369,1369
440776,43,43
440794,391,391
440828,990,824
440873,1557,1557
440882,386,386
440891,408,408
440916,729,0
440925,1041,1041
441025,1275,1275
441052,3092,3092
441070,172,172
441089,2387,2387
441104,315,0
441131,273,0
441159,404,0
441186,963,801
441201,256,256
441229,1307,1307
441238,86,0
441308,3855,0
441371,797,797
441478,277,64
441487,242,242
441502,526,526
441511,755,608
441609,88,88
441636,415,415
441742,1447,1447
441760,3973,3973
441858,234,234
441900,4362,4362
441919,979,979
441928,1258,1258
441937,4644,4433
441955,1441,1441
441964,1071,1071
441973,3056,3056
441982,358,358
442000,,
442037,606,606
442046,1447,1447
442064,90,0
442134,1155,1155
442143,1164,1067
442152,2566,2258
442161,2017,1840
442170,2689,2537
442189,1252,1016
442222,804,290
442231,2295,2295
442295,492,0
442310,608,608
442338,1037,1037
442347,801,801
442356,1485,1485
442365,1089,1089
442383,507,507
442392,154,0
442408,439,439
442426,292,292
442435,61,61
442444,1487,1487
442499,218,218
442505,350,350
442569,16635,14397
442578,538,538
442602,1079,1079
442639,48,48
442684,218,218
442718,807,807
442745,1280,1280
442781,449,449
442790,1932,1932
442806,966,0
442824,2826,2826
442842,408,182
442879,2073,2073
442897,280,220
442930,1403,1391
442949,114,114
443049,457,195
443058,25,25
443076,240,6
443128,1694,0
443270,363,363
443331,1470,1427
443340,157,157
443368,,
443377,210,210
443410,926,858
443438,528,528
443456,329,284
443465,267,241
443474,1604,1400
443492,4025,4025
443526,1127,1127
443535,871,871
443544,941,850
443599,398,347
443623,1844,1844
443650,919,919
443687,1267,1267
443696,52,52
443702,15,0
443711,,
443739,518,518
443748,959,959
443766,3816,2626
443784,4773,3656
443827,728,728
443836,944,944
443854,1209,1209
443881,1493,1411
443890,1909,1777
443906,344,290
443924,1397,1276
443988,885,0
443997,546,546
444024,1813,1813
444033,301,301
444060,251,251
444088,971,971
444103,15,0
444121,607,607
444130,11792,680
444158,43980,39772
444167,5461,5459
444219,12442,12442
444255,750,750
444343,299,299
444361,90,90
444389,767,767
444398,251,251
444413,139,127
444477,,
444547,66,66
444565,397,397
444574,1097,1097
444699,48,0
444714,1459,1459
444723,7780,4620
444778,207,158
444787,52,52
444927,676,676
444954,4249,4249
444972,415,415
444990,540,540
445009,,
445018,2233,2233
445027,31331,27100
445072,1072,1072
445081,778,778
445090,767,767
445115,1165,1165
445124,1092,1092
445133,845,701
445142,624,624
445188,5399,5136
445197,973,973
445203,1092,1092
445230,1829,1829
445249,670,670
445258,499,499
445267,5676,5385
445276,868,868
445300,771,771
445319,408,352
445328,617,617
445337,437,437
445346,747,747
445355,310,310
445391,378,345
445407,650,650
445416,396,373
445434,1297,1297
445452,2256,2256
445470,691,691
445559,514,514
445601,1147,1147
445610,453,453
445674,1232,1232
445692,395,395
445708,2824,2824
445717,3594,3152
445726,696,696
445735,1263,369
445744,768,768
445753,429,429
445762,344,344
445814,1186,1186
445869,87,0
445920,902,902
445939,445,445
445948,378,378
446002,106,0
446039,52,0
446048,898,774
446093,256,256
446127,220,220
446136,912,912
446163,186,186
446233,213,213
446385,216,216
446394,125,87
446446,241,241
446552,2389,2389
446561,1009,1009
446598,60,60
446604,1415,1415
446613,47,47
446640,351,238
446668,1083,1083
446677,325,325
446701,79,79
446710,246,233
446729,66,58
446738,1659,1367
446747,940,887
446756,892,816
446765,695,602
446774,6027,6027
446792,1059,1059
446808,605,605
446817,819,819
446835,2030,2030
446844,1357,1357
446880,667,667
446899,1007,1007
446905,961,961
446914,1759,1759
446923,907,907
446932,693,0
446978,,
447014,463,463
447050,669,480
447069,833,833
447102,922,922
447120,679,679
447236,477,477
447263,1395,1395
447272,915,379
447290,1679,1679
447351,757,757
447360,636,636
447379,334,334
447388,560,560
447421,754,754
447458,921,921
447476,465,465
447485,287,287
447582,4362,4362
447625,552,552
447634,686,686
447652,867,812
447661,596,467
447670,654,654
447689,9998,9998
447698,139,0
447768,2665,2665
447777,500,500
447801,267,0
447847,171,171
447935,571,571
447953,379,361
448114,1242,1242
448239,179,179
448284,3040,1171
448309,2226,1892
448336,,
448345,1611,1611
448354,222,222
448372,200,200
448381,,
448415,1527,1527
448442,943,943
448451,873,873
448460,441,441
448479,1191,1191
448488,667,667
448497,721,721
448503,797,797
448512,921,921
448521,106,86
448530,908,864
448549,,
448558,272,260
448567,1374,1269
448576,3291,3291
448585,821,821
448594,5734,5734
448600,361,361
448628,703,703
448637,,
448655,388,388
448664,880,880
448673,3070,3070
448691,134,0
448734,665,192
448752,822,822
448761,440,440
448789,1731,1731
448804,567,567
448822,61,45
448831,192,170
448840,5416,4721
448859,221,221
448877,231,231
449010,1484,1484
449038,5563,4219
449074,1436,1436
449083,624,624
449092,481,481
449117,1081,1081
449126,457,457
449302,87,87
449339,110644,89175
449348,131,131
449454,108,108
449481,65,0
449506,622,622
449524,367,367
449579,38,0
449612,218,218
449658,163,163
449764,131,131
449870,278,104
449889,6211,0
449898,1320,1009
449922,221,0
449931,2188,1340
450003,963,963
450049,1055,1055
450058,1097,1097
450067,964,964
450085,1098,1098
450094,1881,1881
450128,707,707
450155,425,425
450173,17760,17760
450191,894,894
450207,427,427
450216,1133,1133
450225,911,911
450234,781,781
450243,1296,1296
450252,1075,1075
450261,426,426
450270,809,809
450289,732,732
450298,668,539
450304,233,0
450377,1751,929
450401,510,510
450429,460,460
450447,648,648
450456,795,707
450465,895,895
450474,1492,1372
450483,283,274
450492,810,782
450508,307,307
450517,462,462
450526,1134,567
450535,851,287
450544,643,280
450571,2130,2130
450696,624,624
450702,828,828
450766,313,59
450933,33772,25169
450942,1079,0
450979,15808,8769
451060,385,330
451079,102,0
451088,,
451103,1201,1201
451112,,
451130,235,0
451370,74,74
451398,187,187
451404,277,277
451510,716,0
451556,1831,1831
451608,126,126
451662,24550,24550
451671,2480,2226
451680,,
451699,2408,2408
451705,130,130
451750,1639,1639
451769,1011,1011
451796,1519,1519
451820,2310,2310
451848,1049,1049
451857,652,652
451866,808,808
451875,760,760
451884,1075,1075
451909,732,732
451936,662,662
451945,767,767
451954,447,447
451963,698,698
451972,707,707
451981,534,534
451990,791,791
452018,826,826
452027,1244,1244
452054,1228,1228
452063,1809,1809
452090,478,232
452115,1081,1081
452124,958,958
452133,,
452373,878,878
452948,859,859
453109,370,370
453127,1479,1254
453163,7442,4698
453215,1354,1063
453349,559,559
453455,415,415
453464,613,613
453473,412,412
453482,328,328
453747,367,367
453817,367,367
454175,724,724
454184,493,493
454209,157,157
454218,,
454227,3632,1764
454236,821,821
454245,537,537
454306,466,466
454403,,
454412,,
454421,,
454430,,
454449,,
454458,302,302
454582,850,719
454591,336,336
454616,535,535
454625,1121,1121
454689,684,2
454698,420,420
454740,340,340
454829,2058,439
454838,40,0
454856,718,718
454865,337,337
454883,1030,1030
455099,68,0
455114,12015,12015
455169,1274,0
455178,67,0
455196,2037,2037
455257,289,289
455390,361,361
455406,294,0
455433,229,0
455479,1175,1175
455488,887,887
455512,4057,4057
455567,599,599
455585,395,395
455600,937,937
455619,860,860
455628,1519,1519
455646,165,165
455655,1106,1106
455664,732,0
455673,95,95
455682,317,0
455716,1141,1141
455770,71,71
455804,170,0
455813,87,0
455983,448,448
455992,410,0
456010,338,338
456038,956,956
456056,889,889
456180,516,516
456205,1113,1113
456278,659,659
456296,3273,3273
456311,549,549
456348,21280,15651
456357,897,897
456366,889,889
456375,590,590
456393,333,333
456409,498,498
456418,663,663
456427,552,552
456436,595,595
456445,735,735
456454,545,545
456481,178,86
456490,240,177
456542,235,0
456612,920,920
456621,395,330
456630,247,183
456667,2018,1709
456782,607,607
456791,1452,1452
456807,374,373
456816,734,734
456834,378,272
456852,1222,1222
456940,715,715
456959,290,290
456977,347,347
456995,287,287
457004,225,225
457022,535,535
457101,258,258
457110,408,408
457129,460,460
457183,158,158
457226,84,84
457271,70,0
457299,193,193
457402,95,67
457484,136,117
457527,585,585
457688,421,421
457697,70,70
458113,92,92
458140,93,93
458159,179,0
458186,498,498
458210,1673,1673
458229,1150,1150
458238,90,90
458247,418,418
458256,1303,1303
458283,711,711
458371,436,436
458405,1487,1487
458432,238,238
458441,785,785
458496,690,690
458502,1216,1216
458511,52,0
458557,797,797
458593,660,660
458609,1237,1237
458618,670,670
458636,575,575
458645,568,568
458654,1143,1143
458663,1019,1019
458681,272,272
458690,866,866
458706,868,868
458715,356,356
458733,502,502
458742,381,381
458751,405,405
458760,524,520
458779,543,543
458797,779,779
458885,379,272
458919,9767,7175
458937,359,281
458955,569,453
458964,3844,2634
458973,1599,1256
458982,1088,1088
458991,644,644
459091,123,123
459107,775,775
459204,1078,1078
459222,89,3
459259,938,851
459268,808,679
459356,154,154
459417,61,61
459587,642,642
459596,693,693
459602,364,364
459611,495,495
459620,259,259
459639,729,729
459648,274,274
459657,438,438
459666,474,474
459675,465,465
459684,724,724
459693,577,577
459709,871,871
459718,990,990
459727,293,127
459736,1538,0
459745,208,0
459815,203,203
459824,1588,102
459833,135,135
459842,584,583
459851,327,325
459930,1328,1328
459994,6774,4956
460020,620,620
460039,983,983
460048,864,864
460075,,
460136,564,564
460181,482,482
460190,571,571
460206,812,812
460215,510,510
460349,120,120
460358,931,931
460394,16032,16032
460464,13909,13909
460473,209,209
460613,809,809
460668,293,293
460729,1873,1873
460738,3102,1960
460747,618,618
460774,584,584
460783,330,330
460817,950,950
460826,530,530
460835,1236,1236
460844,517,517
460853,632,632
460871,276,276
460899,905,905
460923,564,564
460941,35,0
461005,218,218
461014,1299,1299
461023,1392,1392
461032,138,138
461069,,
461120,108,0
461139,85,0
461148,2794,2072
461236,429,302
461281,110,96
461315,129,129
461485,87,6
461528,141,141
461643,40,25
461759,122,122
461777,48,48
461795,250,250
461847,68,68
461883,109,68
461953,42,42
462044,49,0
462080,182,0
462099,512,0
462105,1701,0
462114,1273,0
462123,443,0
462132,222,0
462141,476,0
462150,346,0
462169,127,0
462178,132,0
462187,324,0
462196,82,0
462202,24,0
462211,415,0
462220,175,0
462239,102,102
462257,334,334
462266,212,212
462354,224,160
462363,208,208
462372,203,203
462390,110,110
462406,46,46
465812,719,684
466152,339,339
466161,175,175
466170,565,565
466189,245,245
466514,408,408
466523,126,126
466921,11388,11388
466930,163,163
467058,230,230
467368,208,208
467793,212,212
468006,161,0
468015,568,568
468024,310,233
468398,178,178
469188,371,371
469568,468,468
469629,244,244
469975,231,231
470092,499,499
470162,830,830
470852,185,185
470861,355,355
470870,210,210
470889,538,538
470898,427,427
470904,211,211
474702,185,173
474863,308,308
474881,150,150
474890,497,497
474906,108,108
474951,877,765
474960,426,370
474979,447,419
475033,,
475042,264,264
475051,139,139
475060,280,280
475079,318,318
475121,31604,29898
475130,159,159
475176,315,315
475185,153,153
475194,407,407
475200,477,467
475228,111,0
475237,83,22
475246,222,222
475273,2666,1851
475291,389,389
475352,1023,1023
475370,683,683
475422,101,101
475477,57,57
475495,418,0
475510,81,0
475565,,
475583,168,168
475592,104,104
475608,380,274
475617,369,369
475635,21,21
475699,82,82
475714,458,458
475732,,
475741,,
475787,2,1
475839,50,50
475857,7,7
475866,,
475875,160,139
475884,146,123
476072,27,26
476203,86,86
476319,13,13
476337,61,61
476382,120,120
476391,16,16
476601,55,55
476692,54,54
476717,228,228
476948,139,139
476975,5296,3772
477011,,
477020,163,128
477039,46,46
477950,81,81
477996,232,232
478005,151,151
478014,233,233
479549,356,356
479558,178,178
479567,46,46
479576,80,80
479585,65,65
479594,210,210
479600,116,116
479619,97,97
479628,286,286
479637,29,29
479646,52,52
479655,78,78
479664,21,21
479770,65,58
479956,10316,5488
480064,,
480073,127,123
480082,72,64
480091,5506,5506
480107,,
480116,,
480134,710,669
480143,37,37
480152,441,441
480189,1486,1486
480198,1686,1504
480204,69,69
480301,,
480444,525,2
480480,15,15
480499,44,6
480505,24,24
480514,414,414
480569,7471,5504